img_file,True_label,Predicted_label,Probability
img1.jpg,0,0,0.9966727495193481
img2.jpg,0,0,0.9979526996612549
img3.jpg,0,0,0.9991219639778137
img4.jpg,0,0,0.9693538546562195
img5.jpg,0,0,0.9840870499610901
img6.jpg,0,0,0.9972137808799744
img7.jpg,0,0,0.9944826364517212
img8.jpg,0,0,0.9980813264846802
img9.jpg,0,0,0.9995307922363281
img10.jpg,0,0,0.8065112829208374
img11.jpg,0,0,0.9995676875114441
img12.jpg,0,0,0.9081149101257324
img13.jpg,0,0,0.9992421865463257
img14.jpg,0,0,0.9999936819076538
img15.jpg,0,0,0.9741925001144409
img16.jpg,0,0,0.997930645942688
img17.jpg,0,0,0.9894354343414307
img18.jpg,0,0,0.990461528301239
img19.jpg,0,0,0.9994404911994934
img20.jpg,0,0,0.9900979399681091
img21.jpg,0,0,0.9938674569129944
img22.jpg,0,0,0.9999487400054932
img23.jpg,0,0,0.9528194069862366
img24.jpg,0,0,0.9997081160545349
img25.jpg,0,0,0.9988248944282532
img26.jpg,0,0,0.9997169375419617
img27.jpg,0,0,0.8673427104949951
img28.jpg,0,0,0.9924700260162354
img29.jpg,0,0,0.9501723647117615
img30.jpg,0,0,0.9989030361175537
img31.jpg,0,0,0.998471200466156
img32.jpg,0,0,0.9998799562454224
img33.jpg,0,0,0.954615592956543
img34.jpg,0,0,0.999861478805542
img35.jpg,0,0,0.9996676445007324
img36.jpg,0,0,0.9964969754219055
img37.jpg,0,0,0.9873714447021484
img38.jpg,0,0,0.9912795424461365
img39.jpg,0,0,0.9943346977233887
img40.jpg,0,0,0.9983030557632446
img41.jpg,0,0,0.9989684820175171
img42.jpg,0,0,0.9861511588096619
img43.jpg,0,0,0.9984962940216064
img44.jpg,0,0,0.9662078619003296
img45.jpg,0,0,0.999566376209259
img46.jpg,0,0,0.9955255389213562
img47.jpg,0,0,0.9993438124656677
img48.jpg,0,0,0.9986804127693176
img49.jpg,0,0,0.997018575668335
img50.jpg,0,0,0.9975437521934509
img51.jpg,0,0,0.9987540245056152
img52.jpg,0,0,0.9991579055786133
img53.jpg,0,0,0.999415397644043
img54.jpg,0,0,0.9946492314338684
img55.jpg,0,0,0.9996278285980225
img56.jpg,0,0,0.9963064193725586
img57.jpg,0,0,0.99321448802948
img58.jpg,0,0,0.9972200393676758
img59.jpg,0,0,0.9881437420845032
img60.jpg,0,0,0.9984886646270752
img61.jpg,0,0,0.9999617338180542
img62.jpg,0,0,0.9991607666015625
img63.jpg,0,0,0.9999070167541504
img64.jpg,0,0,0.9996145963668823
img65.jpg,0,0,0.9981985688209534
img66.jpg,0,0,0.999447762966156
img67.jpg,0,0,0.9786949753761292
img68.jpg,0,0,0.999853253364563
img69.jpg,0,0,0.9758888483047485
img70.jpg,0,0,0.9960054755210876
img71.jpg,0,0,0.9993044137954712
img72.jpg,0,0,0.9905245900154114
img73.jpg,0,0,0.9997778534889221
img74.jpg,0,0,0.9994001388549805
img75.jpg,0,0,0.9860708117485046
img76.jpg,0,0,0.9987009763717651
img77.jpg,0,0,0.9998952150344849
img78.jpg,0,0,0.9961941242218018
img79.jpg,0,0,0.9901756644248962
img80.jpg,0,0,0.5187785029411316
img81.jpg,0,0,0.9645408391952515
img82.jpg,0,0,0.9946725964546204
img83.jpg,0,0,0.9918656945228577
img84.jpg,0,0,0.9990876913070679
img85.jpg,0,0,0.9725474715232849
img86.jpg,0,0,0.9969794750213623
img87.jpg,0,0,0.9953107237815857
img88.jpg,0,0,0.997357189655304
img89.jpg,0,0,0.9919582605361938
img90.jpg,0,0,0.9996411800384521
img91.jpg,0,0,0.9998809099197388
img92.jpg,0,0,0.9933376312255859
img93.jpg,0,0,0.9887450337409973
img94.jpg,0,0,0.985273540019989
img95.jpg,0,0,0.9702947735786438
img96.jpg,0,0,0.9809424877166748
img97.jpg,0,0,0.9944750666618347
img98.jpg,0,0,0.9903205037117004
img99.jpg,0,0,0.9993811845779419
img100.jpg,0,0,0.9996380805969238
img101.jpg,0,0,0.9999666213989258
img102.jpg,0,0,0.9944111704826355
img103.jpg,0,0,0.9455062747001648
img104.jpg,0,0,0.9993150234222412
img105.jpg,0,0,0.9999337196350098
img106.jpg,0,0,0.9994831085205078
img107.jpg,0,0,0.9755969643592834
img108.jpg,0,0,0.9999057054519653
img109.jpg,0,0,0.9998623132705688
img110.jpg,0,0,0.9674505591392517
img111.jpg,0,0,0.8685166239738464
img112.jpg,0,0,0.9990028738975525
img113.jpg,0,0,0.978401243686676
img114.jpg,0,0,0.933133602142334
img115.jpg,0,0,0.9963496923446655
img116.jpg,0,0,0.9950709342956543
img117.jpg,0,0,0.999432384967804
img118.jpg,0,0,0.860605001449585
img119.jpg,0,0,0.9994719624519348
img120.jpg,0,0,0.9997828602790833
img121.jpg,0,0,0.9905115962028503
img122.jpg,0,0,0.9999071359634399
img123.jpg,0,0,0.9903020262718201
img124.jpg,0,0,0.9888474941253662
img125.jpg,0,0,0.9303972721099854
img126.jpg,0,0,0.9991990923881531
img127.jpg,0,0,0.9996310472488403
img128.jpg,0,0,0.8745322823524475
img129.jpg,0,0,0.997117280960083
img130.jpg,0,0,0.9983717799186707
img131.jpg,0,0,0.9779501557350159
img132.jpg,0,0,0.9686478972434998
img133.jpg,0,0,0.9859244227409363
img134.jpg,0,0,0.9968440532684326
img135.jpg,0,0,0.9980257749557495
img136.jpg,0,1,0.5960493087768555
img137.jpg,0,0,0.9607865214347839
img138.jpg,0,0,0.9805704951286316
img139.jpg,0,0,0.9844443798065186
img140.jpg,0,0,0.999921441078186
img141.jpg,0,0,0.993901252746582
img142.jpg,0,0,0.9786148071289062
img143.jpg,0,0,0.9999786615371704
img144.jpg,0,0,0.9997259974479675
img145.jpg,0,0,0.9994714856147766
img146.jpg,0,0,0.9982036352157593
img147.jpg,0,0,0.9994852542877197
img148.jpg,0,0,0.8917866349220276
img149.jpg,0,0,0.9993078708648682
img150.jpg,0,0,0.9903355836868286
img151.jpg,0,0,0.9697849750518799
img152.jpg,0,0,0.9997952580451965
img153.jpg,0,0,0.9994264841079712
img154.jpg,0,0,0.999360978603363
img155.jpg,0,0,0.9089752435684204
img156.jpg,0,0,0.9973313808441162
img157.jpg,0,0,0.9992407560348511
img158.jpg,0,0,0.9980996251106262
img159.jpg,0,0,0.9788600206375122
img160.jpg,0,0,0.9958635568618774
img161.jpg,0,0,0.9985066056251526
img162.jpg,0,0,0.5125415921211243
img163.jpg,0,0,0.9989210367202759
img164.jpg,0,0,0.9357885718345642
img165.jpg,0,0,0.9989181756973267
img166.jpg,0,0,0.9958584904670715
img167.jpg,0,0,0.9819051027297974
img168.jpg,0,0,0.9997140765190125
img169.jpg,0,0,0.8926456570625305
img170.jpg,0,0,0.9962785840034485
img171.jpg,0,0,0.9607225060462952
img172.jpg,0,0,0.9991967082023621
img173.jpg,0,0,0.9976722598075867
img174.jpg,0,0,0.9715341925621033
img175.jpg,0,0,0.9953241944313049
img176.jpg,0,0,0.9902287721633911
img177.jpg,0,0,0.9973660111427307
img178.jpg,0,0,0.9999649524688721
img179.jpg,0,0,0.9960765242576599
img180.jpg,0,0,0.9970641732215881
img181.jpg,0,0,0.974443256855011
img182.jpg,0,0,0.9983273148536682
img183.jpg,0,0,0.9997425675392151
img184.jpg,0,0,0.9996432065963745
img185.jpg,0,0,0.9988958835601807
img186.jpg,0,0,0.9757565259933472
img187.jpg,0,0,0.9970337152481079
img188.jpg,0,0,0.9975264668464661
img189.jpg,0,0,0.9968658089637756
img190.jpg,0,0,0.9981984496116638
img191.jpg,0,0,0.9967398047447205
img192.jpg,0,0,0.999025821685791
img193.jpg,0,0,0.9959163069725037
img194.jpg,0,0,0.999830961227417
img195.jpg,0,0,0.9977293610572815
img196.jpg,0,0,0.9548032283782959
img197.jpg,0,0,0.9177952408790588
img198.jpg,0,0,0.9989282488822937
img199.jpg,0,0,0.9825853109359741
img200.jpg,0,0,0.9994354844093323
img201.jpg,0,0,0.9088742733001709
img202.jpg,0,0,0.9849669337272644
img203.jpg,0,0,0.9954615235328674
img204.jpg,0,0,0.9995474219322205
img205.jpg,0,0,0.9872899651527405
img206.jpg,0,0,0.9990864992141724
img207.jpg,0,0,0.996505856513977
img208.jpg,0,0,0.9990377426147461
img209.jpg,0,0,0.9982690811157227
img210.jpg,0,0,0.9991818070411682
img211.jpg,0,0,0.9993923902511597
img212.jpg,0,0,0.9999721050262451
img213.jpg,0,0,0.9979053735733032
img214.jpg,0,0,0.9991714954376221
img215.jpg,0,0,0.9998949766159058
img216.jpg,0,0,0.9985440969467163
img217.jpg,0,0,0.9989084005355835
img218.jpg,0,0,0.9994215965270996
img219.jpg,0,0,0.999976396560669
img220.jpg,0,0,0.9978073239326477
img221.jpg,0,0,0.9896406531333923
img222.jpg,0,0,0.995448648929596
img223.jpg,0,0,0.9998869895935059
img224.jpg,0,0,0.999701201915741
img225.jpg,0,0,0.8658676743507385
img226.jpg,0,0,0.999713122844696
img227.jpg,0,0,0.9851434826850891
img228.jpg,0,0,0.9979792237281799
img229.jpg,0,0,0.9991126656532288
img230.jpg,0,0,0.9946192502975464
img231.jpg,0,0,0.9730495810508728
img232.jpg,0,0,0.9973310232162476
img233.jpg,0,1,0.5552767515182495
img234.jpg,0,0,0.9933191537857056
img235.jpg,0,0,0.9558529853820801
img236.jpg,0,0,0.9965006113052368
img237.jpg,0,0,0.9999825954437256
img238.jpg,0,0,0.9994888305664062
img239.jpg,0,0,0.9967318773269653
img240.jpg,0,0,0.999472439289093
img241.jpg,0,0,0.9997705817222595
img242.jpg,0,0,0.9957367181777954
img243.jpg,0,0,0.9967471361160278
img244.jpg,0,0,0.9990575909614563
img245.jpg,0,0,0.9995784163475037
img246.jpg,0,0,0.995963454246521
img247.jpg,0,0,0.9941986799240112
img248.jpg,0,0,0.9998161196708679
img249.jpg,0,0,0.776931881904602
img250.jpg,0,0,0.999161958694458
img251.jpg,0,0,0.9689754843711853
img252.jpg,0,0,0.9998123049736023
img253.jpg,0,0,0.8032844066619873
img254.jpg,0,0,0.9999510049819946
img255.jpg,0,0,0.9244723916053772
img256.jpg,0,0,0.9860216975212097
img257.jpg,0,1,0.37325555086135864
img258.jpg,0,0,0.9816562533378601
img259.jpg,0,0,0.9987345337867737
img260.jpg,0,0,0.9956810474395752
img261.jpg,0,0,0.9985637068748474
img262.jpg,0,0,0.9244737029075623
img263.jpg,0,0,0.9992756247520447
img264.jpg,0,0,0.9964531660079956
img265.jpg,0,0,0.9996668100357056
img266.jpg,0,0,0.9837610125541687
img267.jpg,0,0,0.9973338842391968
img268.jpg,0,0,0.9997054934501648
img269.jpg,0,0,0.9950973391532898
img270.jpg,0,0,0.9990286827087402
img271.jpg,0,0,0.9985746145248413
img272.jpg,0,0,0.9963351488113403
img273.jpg,0,0,0.9995269775390625
img274.jpg,0,0,0.997787594795227
img275.jpg,0,0,0.9910566806793213
img276.jpg,0,0,0.8609493970870972
img277.jpg,0,0,0.9819175601005554
img278.jpg,0,0,0.9950531125068665
img279.jpg,0,0,0.9947291016578674
img280.jpg,0,0,0.999975323677063
img281.jpg,0,0,0.9984758496284485
img282.jpg,0,0,0.970515251159668
img283.jpg,0,0,0.9995018243789673
img284.jpg,0,0,0.999442994594574
img285.jpg,0,0,0.9954985976219177
img286.jpg,0,0,0.9954015016555786
img287.jpg,0,0,0.9999091625213623
img288.jpg,0,0,0.9999608993530273
img289.jpg,0,0,0.957248866558075
img290.jpg,0,0,0.8731340169906616
img291.jpg,0,0,0.941498339176178
img292.jpg,0,0,0.987461268901825
img293.jpg,0,0,0.9895277619361877
img294.jpg,0,0,0.9331594705581665
img295.jpg,0,0,0.9893998503684998
img296.jpg,0,1,0.5428599119186401
img297.jpg,0,0,0.9997835755348206
img298.jpg,0,0,0.999828577041626
img299.jpg,0,0,0.9970499277114868
img300.jpg,0,0,0.9977422952651978
img301.jpg,0,0,0.9891728162765503
img302.jpg,0,0,0.8656758069992065
img303.jpg,0,0,0.9998577833175659
img304.jpg,0,0,0.9985201954841614
img305.jpg,0,0,0.9976603984832764
img306.jpg,0,0,0.9989846348762512
img307.jpg,0,0,0.984135091304779
img308.jpg,0,0,0.9730255603790283
img309.jpg,0,0,0.9993144273757935
img310.jpg,0,0,0.9958992600440979
img311.jpg,0,0,0.9987094402313232
img312.jpg,0,0,0.9987564086914062
img313.jpg,0,0,0.9994648098945618
img314.jpg,0,0,0.9943645000457764
img315.jpg,0,0,0.9110008478164673
img316.jpg,0,0,0.9980770349502563
img317.jpg,0,0,0.9729881882667542
img318.jpg,0,0,0.9542315006256104
img319.jpg,0,0,0.9990449547767639
img320.jpg,0,0,0.993453860282898
img321.jpg,0,0,0.998654842376709
img322.jpg,0,0,0.9711059927940369
img323.jpg,0,0,0.998950719833374
img324.jpg,0,0,0.9976733326911926
img325.jpg,0,0,0.9981922507286072
img326.jpg,0,0,0.9996232986450195
img327.jpg,0,0,0.999403715133667
img328.jpg,0,0,0.9993565678596497
img329.jpg,0,0,0.969434380531311
img330.jpg,0,0,0.9985138773918152
img331.jpg,0,0,0.9988240599632263
img332.jpg,0,0,0.9983918070793152
img333.jpg,0,1,0.5501994490623474
img334.jpg,0,1,0.7260898351669312
img335.jpg,0,0,0.9996757507324219
img336.jpg,0,0,0.995326042175293
img337.jpg,0,0,0.9991365075111389
img338.jpg,0,0,0.9992913007736206
img339.jpg,0,0,0.9867794513702393
img340.jpg,0,0,0.9984490871429443
img341.jpg,0,0,0.9982064962387085
img342.jpg,0,0,0.9990355968475342
img343.jpg,0,0,0.962336003780365
img344.jpg,0,0,0.9999078512191772
img345.jpg,0,0,0.9993385672569275
img346.jpg,0,0,0.9436559677124023
img347.jpg,0,0,0.9975709319114685
img348.jpg,0,0,0.9999916553497314
img349.jpg,0,0,0.9988573789596558
img350.jpg,0,0,0.99981290102005
img351.jpg,0,0,0.9954397082328796
img352.jpg,0,0,0.9913013577461243
img353.jpg,0,0,0.950000524520874
img354.jpg,0,0,0.9972881078720093
img355.jpg,0,0,0.9994718432426453
img356.jpg,0,0,0.9948114156723022
img357.jpg,0,0,0.9959354400634766
img358.jpg,0,0,0.996843695640564
img359.jpg,0,0,0.9509169459342957
img360.jpg,0,0,0.996473491191864
img361.jpg,0,0,0.8730716109275818
img362.jpg,1,1,0.4317675232887268
img363.jpg,1,2,0.6954617500305176
img364.jpg,1,1,0.721289336681366
img365.jpg,1,1,0.8063284158706665
img366.jpg,1,1,0.6258887648582458
img367.jpg,1,1,0.6179202795028687
img368.jpg,1,2,0.5455644130706787
img369.jpg,1,2,0.7602975964546204
img370.jpg,1,1,0.568863570690155
img371.jpg,1,2,0.8309844136238098
img372.jpg,1,2,0.9090684056282043
img373.jpg,1,1,0.6300704479217529
img374.jpg,1,1,0.5977962613105774
img375.jpg,1,1,0.8976669907569885
img376.jpg,1,2,0.6092674732208252
img377.jpg,1,2,0.5155664682388306
img378.jpg,1,1,0.603122353553772
img379.jpg,1,1,0.7886248230934143
img380.jpg,1,1,0.7937954664230347
img381.jpg,1,2,0.4964829087257385
img382.jpg,1,2,0.8653116226196289
img383.jpg,1,1,0.6935109496116638
img384.jpg,1,1,0.7867490649223328
img385.jpg,1,2,0.8773858547210693
img386.jpg,1,0,0.9862784743309021
img387.jpg,1,1,0.900089681148529
img388.jpg,1,1,0.8801161646842957
img389.jpg,1,2,0.7093925476074219
img390.jpg,1,2,0.6439215540885925
img391.jpg,1,2,0.5369856357574463
img392.jpg,1,1,0.6419190168380737
img393.jpg,1,1,0.5156537890434265
img394.jpg,1,2,0.6886446475982666
img395.jpg,1,2,0.6775791049003601
img396.jpg,1,1,0.6185821294784546
img397.jpg,1,2,0.7143449187278748
img398.jpg,1,1,0.8020574450492859
img399.jpg,1,1,0.6742485761642456
img400.jpg,1,1,0.7698799967765808
img401.jpg,1,1,0.7809035181999207
img402.jpg,1,2,0.8161236643791199
img403.jpg,1,1,0.6909621357917786
img404.jpg,1,1,0.713991641998291
img405.jpg,1,2,0.43608617782592773
img406.jpg,1,1,0.7896745204925537
img407.jpg,1,2,0.46632492542266846
img408.jpg,1,2,0.4918140769004822
img409.jpg,1,1,0.8553427457809448
img410.jpg,1,1,0.8541110157966614
img411.jpg,1,2,0.620323896408081
img412.jpg,1,2,0.48798418045043945
img413.jpg,1,1,0.5447344183921814
img414.jpg,1,1,0.8809748291969299
img415.jpg,1,2,0.6311766505241394
img416.jpg,1,1,0.6855487823486328
img417.jpg,1,2,0.8778479695320129
img418.jpg,1,1,0.7483839988708496
img419.jpg,1,1,0.8119263648986816
img420.jpg,1,2,0.6315415501594543
img421.jpg,1,1,0.8412495851516724
img422.jpg,1,0,0.5712709426879883
img423.jpg,1,1,0.6414011716842651
img424.jpg,1,1,0.8137038946151733
img425.jpg,1,1,0.7984732985496521
img426.jpg,1,1,0.8369879722595215
img427.jpg,1,1,0.698783278465271
img428.jpg,1,1,0.4539206922054291
img429.jpg,1,2,0.5041810274124146
img430.jpg,1,2,0.5684847235679626
img431.jpg,1,4,0.9332395792007446
img432.jpg,1,1,0.6190574169158936
img433.jpg,1,1,0.772635817527771
img434.jpg,1,2,0.7996861934661865
img435.jpg,1,2,0.5879138708114624
img436.jpg,2,2,0.8132216930389404
img437.jpg,2,2,0.5683289766311646
img438.jpg,2,2,0.7178769707679749
img439.jpg,2,2,0.9415745139122009
img440.jpg,2,2,0.9026386141777039
img441.jpg,2,2,0.8395717740058899
img442.jpg,2,2,0.8575290441513062
img443.jpg,2,2,0.8954488635063171
img444.jpg,2,1,0.6935163736343384
img445.jpg,2,2,0.6540412902832031
img446.jpg,2,2,0.8262567520141602
img447.jpg,2,2,0.6055611371994019
img448.jpg,2,3,0.499380886554718
img449.jpg,2,2,0.7473055124282837
img450.jpg,2,2,0.6277875900268555
img451.jpg,2,2,0.49736547470092773
img452.jpg,2,2,0.7837945222854614
img453.jpg,2,2,0.8634899258613586
img454.jpg,2,2,0.5843796730041504
img455.jpg,2,2,0.8320932388305664
img456.jpg,2,2,0.7944536805152893
img457.jpg,2,2,0.831941545009613
img458.jpg,2,2,0.7306691408157349
img459.jpg,2,2,0.6366838812828064
img460.jpg,2,2,0.833428680896759
img461.jpg,2,2,0.6966153383255005
img462.jpg,2,2,0.7665639519691467
img463.jpg,2,2,0.7308131456375122
img464.jpg,2,2,0.8852542042732239
img465.jpg,2,2,0.5421811938285828
img466.jpg,2,2,0.5858655571937561
img467.jpg,2,2,0.8170685768127441
img468.jpg,2,2,0.8770542144775391
img469.jpg,2,2,0.8554254174232483
img470.jpg,2,2,0.6266653537750244
img471.jpg,2,2,0.8658714890480042
img472.jpg,2,2,0.8304107785224915
img473.jpg,2,1,0.5221126079559326
img474.jpg,2,2,0.6452463865280151
img475.jpg,2,2,0.9525129199028015
img476.jpg,2,2,0.8840022683143616
img477.jpg,2,3,0.52943354845047
img478.jpg,2,2,0.8355798721313477
img479.jpg,2,1,0.8413824439048767
img480.jpg,2,2,0.7351968884468079
img481.jpg,2,1,0.4676983654499054
img482.jpg,2,2,0.8083468675613403
img483.jpg,2,2,0.3429187834262848
img484.jpg,2,2,0.6986515522003174
img485.jpg,2,2,0.500831127166748
img486.jpg,2,1,0.5150296092033386
img487.jpg,2,2,0.5987454652786255
img488.jpg,2,2,0.612389087677002
img489.jpg,2,2,0.811235249042511
img490.jpg,2,2,0.8912687301635742
img491.jpg,2,2,0.8787859678268433
img492.jpg,2,2,0.7008256912231445
img493.jpg,2,1,0.7978086471557617
img494.jpg,2,3,0.6822112202644348
img495.jpg,2,2,0.6907020211219788
img496.jpg,2,0,0.5804340243339539
img497.jpg,2,2,0.7939678430557251
img498.jpg,2,2,0.8467800617218018
img499.jpg,2,2,0.9192756414413452
img500.jpg,2,2,0.8188420534133911
img501.jpg,2,2,0.4995769262313843
img502.jpg,2,2,0.8894572854042053
img503.jpg,2,2,0.7368356585502625
img504.jpg,2,2,0.5683437585830688
img505.jpg,2,2,0.4173748791217804
img506.jpg,2,2,0.5238845944404602
img507.jpg,2,2,0.7431980967521667
img508.jpg,2,2,0.6204921007156372
img509.jpg,2,2,0.6643062233924866
img510.jpg,2,2,0.869372546672821
img511.jpg,2,2,0.5591117739677429
img512.jpg,2,2,0.8177515268325806
img513.jpg,2,1,0.5160773396492004
img514.jpg,2,2,0.7566788196563721
img515.jpg,2,2,0.8150111436843872
img516.jpg,2,2,0.7411454319953918
img517.jpg,2,2,0.7793183326721191
img518.jpg,2,2,0.8161055445671082
img519.jpg,2,1,0.5308055877685547
img520.jpg,2,2,0.8510723114013672
img521.jpg,2,2,0.9231680035591125
img522.jpg,2,2,0.5558738708496094
img523.jpg,2,1,0.6309890151023865
img524.jpg,2,2,0.6823714375495911
img525.jpg,2,2,0.4570315182209015
img526.jpg,2,2,0.8626500368118286
img527.jpg,2,2,0.5652246475219727
img528.jpg,2,2,0.8177708983421326
img529.jpg,2,2,0.830450177192688
img530.jpg,2,2,0.3902185559272766
img531.jpg,2,2,0.5256742835044861
img532.jpg,2,1,0.8013756275177002
img533.jpg,2,2,0.8869479298591614
img534.jpg,2,4,0.3643762171268463
img535.jpg,2,2,0.6122856736183167
img536.jpg,2,2,0.8714648485183716
img537.jpg,2,2,0.8072736859321594
img538.jpg,2,2,0.750532865524292
img539.jpg,2,2,0.8412125110626221
img540.jpg,2,2,0.937355101108551
img541.jpg,2,2,0.5185964107513428
img542.jpg,2,2,0.6615716218948364
img543.jpg,2,2,0.9008657932281494
img544.jpg,2,2,0.8951422572135925
img545.jpg,2,2,0.8130082488059998
img546.jpg,2,2,0.8130314946174622
img547.jpg,2,2,0.8341476917266846
img548.jpg,2,2,0.41788947582244873
img549.jpg,2,1,0.5957574248313904
img550.jpg,2,2,0.5611087679862976
img551.jpg,2,2,0.5164801478385925
img552.jpg,2,2,0.4681180417537689
img553.jpg,2,2,0.8982646465301514
img554.jpg,2,2,0.920089840888977
img555.jpg,2,3,0.38420748710632324
img556.jpg,2,4,0.516497790813446
img557.jpg,2,2,0.8983069062232971
img558.jpg,2,2,0.8803141117095947
img559.jpg,2,2,0.7679093480110168
img560.jpg,2,2,0.7559517621994019
img561.jpg,2,2,0.7934908866882324
img562.jpg,2,2,0.6840552687644958
img563.jpg,2,2,0.8192763328552246
img564.jpg,2,2,0.9320600032806396
img565.jpg,2,2,0.906064510345459
img566.jpg,2,2,0.6639034748077393
img567.jpg,2,2,0.6346468925476074
img568.jpg,2,2,0.43989473581314087
img569.jpg,2,2,0.7674283981323242
img570.jpg,2,2,0.602097749710083
img571.jpg,2,2,0.8848923444747925
img572.jpg,2,1,0.4876493811607361
img573.jpg,2,2,0.729226291179657
img574.jpg,2,2,0.8590840101242065
img575.jpg,2,2,0.9180666208267212
img576.jpg,2,2,0.9075461626052856
img577.jpg,2,2,0.7388467788696289
img578.jpg,2,2,0.9026200771331787
img579.jpg,2,2,0.8505814075469971
img580.jpg,2,2,0.5003380179405212
img581.jpg,2,2,0.9183305501937866
img582.jpg,2,2,0.8104880452156067
img583.jpg,2,2,0.864034116268158
img584.jpg,2,2,0.7788382768630981
img585.jpg,2,2,0.8493664264678955
img586.jpg,2,2,0.8755199313163757
img587.jpg,2,2,0.8609391450881958
img588.jpg,2,2,0.8693462610244751
img589.jpg,2,2,0.9330438375473022
img590.jpg,2,2,0.7578454613685608
img591.jpg,2,2,0.7463971972465515
img592.jpg,2,2,0.9124066233634949
img593.jpg,2,2,0.7871109843254089
img594.jpg,2,2,0.8238797783851624
img595.jpg,2,2,0.8128203749656677
img596.jpg,2,4,0.5420866012573242
img597.jpg,2,2,0.7608640193939209
img598.jpg,2,2,0.6679591536521912
img599.jpg,2,2,0.8797567486763
img600.jpg,2,2,0.681784451007843
img601.jpg,2,2,0.6051457524299622
img602.jpg,2,2,0.7870166301727295
img603.jpg,2,2,0.5826445817947388
img604.jpg,2,2,0.7275339365005493
img605.jpg,2,2,0.8466854691505432
img606.jpg,2,2,0.8881664872169495
img607.jpg,2,2,0.7260076999664307
img608.jpg,2,2,0.5627573132514954
img609.jpg,2,2,0.90345698595047
img610.jpg,2,2,0.8435090184211731
img611.jpg,2,2,0.8573815226554871
img612.jpg,2,2,0.6760692596435547
img613.jpg,2,2,0.6475087404251099
img614.jpg,2,2,0.6734142899513245
img615.jpg,2,2,0.45656660199165344
img616.jpg,2,2,0.8122227191925049
img617.jpg,2,2,0.6441732048988342
img618.jpg,2,2,0.8055196404457092
img619.jpg,2,1,0.45208337903022766
img620.jpg,2,2,0.8930603861808777
img621.jpg,2,2,0.6759057641029358
img622.jpg,2,2,0.6544375419616699
img623.jpg,2,3,0.4963854253292084
img624.jpg,2,2,0.7716561555862427
img625.jpg,2,2,0.9033581018447876
img626.jpg,2,2,0.6393999457359314
img627.jpg,2,2,0.7550010085105896
img628.jpg,2,2,0.829165518283844
img629.jpg,2,2,0.6275608539581299
img630.jpg,2,2,0.8362800478935242
img631.jpg,2,2,0.8299732804298401
img632.jpg,2,3,0.6072531342506409
img633.jpg,2,2,0.7279531955718994
img634.jpg,2,2,0.7752519845962524
img635.jpg,2,2,0.8767347931861877
img636.jpg,3,3,0.7220742702484131
img637.jpg,3,2,0.6780849695205688
img638.jpg,3,2,0.7590922117233276
img639.jpg,3,3,0.6757416129112244
img640.jpg,3,2,0.7888974547386169
img641.jpg,3,4,0.9330753684043884
img642.jpg,3,2,0.5348392128944397
img643.jpg,3,4,0.8595243692398071
img644.jpg,3,3,0.4280642867088318
img645.jpg,3,4,0.478445827960968
img646.jpg,3,2,0.44369417428970337
img647.jpg,3,4,0.5175186991691589
img648.jpg,3,2,0.7537920475006104
img649.jpg,3,2,0.878357470035553
img650.jpg,3,2,0.6798074841499329
img651.jpg,3,4,0.5197274088859558
img652.jpg,3,2,0.8878188729286194
img653.jpg,3,4,0.5745493769645691
img654.jpg,3,4,0.9979971051216125
img655.jpg,3,4,0.9661732316017151
img656.jpg,3,3,0.5875818729400635
img657.jpg,3,3,0.6015090346336365
img658.jpg,3,3,0.5244526267051697
img659.jpg,3,2,0.6440085768699646
img660.jpg,3,4,0.4720914363861084
img661.jpg,3,3,0.6756392121315002
img662.jpg,3,2,0.4594365358352661
img663.jpg,3,4,0.95252525806427
img664.jpg,3,4,0.9865619540214539
img665.jpg,3,3,0.39316102862358093
img666.jpg,3,3,0.7255801558494568
img667.jpg,3,3,0.5490992069244385
img668.jpg,3,2,0.8834090828895569
img669.jpg,3,3,0.7356570959091187
img670.jpg,3,2,0.49528369307518005
img671.jpg,3,3,0.512834906578064
img672.jpg,3,3,0.7353826761245728
img673.jpg,3,2,0.8411276936531067
img674.jpg,4,2,0.7730855941772461
img675.jpg,4,2,0.6399598121643066
img676.jpg,4,2,0.8310704231262207
img677.jpg,4,2,0.7197278738021851
img678.jpg,4,4,0.9713034629821777
img679.jpg,4,2,0.6412498950958252
img680.jpg,4,4,0.6423848271369934
img681.jpg,4,2,0.8499430418014526
img682.jpg,4,4,0.9757159948348999
img683.jpg,4,4,0.9215391874313354
img684.jpg,4,4,0.5797684192657471
img685.jpg,4,2,0.8052240014076233
img686.jpg,4,1,0.46027079224586487
img687.jpg,4,2,0.421212762594223
img688.jpg,4,4,0.723995566368103
img689.jpg,4,4,0.8217049241065979
img690.jpg,4,4,0.5804545879364014
img691.jpg,4,2,0.38866153359413147
img692.jpg,4,4,0.9897224307060242
img693.jpg,4,4,0.8390802145004272
img694.jpg,4,2,0.4782346189022064
img695.jpg,4,3,0.5221529603004456
img696.jpg,4,4,0.9429914951324463
img697.jpg,4,1,0.4479934871196747
img698.jpg,4,4,0.914594829082489
img699.jpg,4,2,0.46316856145858765
img700.jpg,4,3,0.5704488754272461
img701.jpg,4,3,0.4731546640396118
img702.jpg,4,4,0.636661946773529
img703.jpg,4,4,0.7522322535514832
img704.jpg,4,4,0.9623363614082336
img705.jpg,4,3,0.6023076772689819
img706.jpg,4,4,0.6536920666694641
img707.jpg,4,4,0.9085714221000671
img708.jpg,4,4,0.46283894777297974
img709.jpg,4,4,0.9935821294784546
img710.jpg,4,4,0.9827713370323181
img711.jpg,4,4,0.7417294979095459
img712.jpg,4,4,0.8993304967880249
img713.jpg,4,4,0.8051300644874573
img714.jpg,4,2,0.8900792598724365
img715.jpg,4,2,0.7635744214057922
img716.jpg,4,0,0.3872236907482147
img717.jpg,4,4,0.8944618105888367
img718.jpg,4,4,0.9819086790084839
img719.jpg,4,2,0.5040715336799622
img720.jpg,4,2,0.778821587562561
img721.jpg,4,3,0.7859221696853638
img722.jpg,4,4,0.8265449404716492
img723.jpg,4,2,0.5254949927330017
img724.jpg,4,2,0.5627683401107788
img725.jpg,4,2,0.526269257068634
img726.jpg,4,4,0.6031351685523987
img727.jpg,4,4,0.9069700837135315
img728.jpg,4,4,0.9600705504417419
img729.jpg,4,4,0.7571651339530945
img730.jpg,4,2,0.8218644261360168
img731.jpg,4,3,0.7848512530326843
